subreddit,text_cleaned
1,winging costa rica booked flight costa rica booking tried accommodation source heard cut cost substantially cutting middle man wondering experience
1,planning backpacking trip romania tip hey friend planning week backpacking trip romania summer tip miss cautious
1,budget friendly way taste arctic hey planning visit chile argentina later year interested visiting antarctica seeing k price tag nope patagonia beautiful wanting seek bit frigid midwestern love colder exists anybody know ferry cruise visit drake passage chilean patagonia break bank know expensive destination willing review option thanks
1,niagara fall ny
1,nice rome flight airline heading europe work june want extend trip pleasure second time traveling europe north america clueless european airline nice france work want rome flight wizz easyjet way seeing low american absolutely shocked short flight low paid flight year second airline horrible fly catch choosing spirit airline france going awful experience bag thanks advance insight
0,beautiful place visit france paris
0,beautiful place visit france paris
0,best website vacation asia title say looking includes air fare hotel day day activity looking trip japan time asia know website wanted ask secret gem tip help plan vacay thank advanced
0,cloud waterproof travel hi know guy absolutely hate sock wet looking good waterproof shoe bring travel looking cloud waterproof wondering experience walking travel look durable traction look like wear pretty fast picture thanks advance
0,available hook
